{"file_hashes":[{"block_hashes":["BiriKi1o72HAxndseT3peMaZWG6ftJgZV5reQ2OuyY4=","9VzFzVh7lz8Vde4e2yJhBtiLBLbO1z3rstYmzaORL4Q=","7MpHNXWXwNLGUNc0OxpksZj6diytqW2pQ1MNn6wGMVo=","L/WD+BGmlufoM+1XPaB+m0mQhsn5za6j647aolHc9gY=","ejXKX+OOeLmCc2xlGPaNoDFdoyvsnMZk5K5p7hUF0j8=","j4QjmmyRuooDeqsp/Ny+Vv41+CQyDZWsHwGG+LroDVw=","5eDW/a43zqfAWyDKsfDThlbYEoIwO1WUvweXIHPMDd4=","KUyLJTiRZWFuV59iNvmWzLQ2aid5v03npgY7sbOnQ/8=","yDxL5VUe9oRmqmiwjCUNp47yg3yavHC/cZsv1bRhBSY=","1lmbaLnYcOmOF8DQKj4mgmaSihVyfapkO1wXcGtAYjo=","wRP9TvFpbM0ZAH+zPjJIC22w58JmEx+8FTrRzR7ekAY=","eunwx6N1ckTZuJzVAredtrW3LFviPT47iN95Iu7tO+M=","Ag/xTc++98PHqKZs/cyvweYgwl1fv0YOuNpSlNWi18Q=","HSiN2RHjhRP3arRNgu5KOVammbPihR6yB1s8OpyGYAg=","i5NXUasZYZfMCCA0WQXZMrLL/Vs0KB/brq3d3pYrN3c=","sD+wgM+eUlJuhzMHi0I0Prc2O5n9QM5uI5ntUHtHBkw=","1xjDCOpeMDMXvu7+/6UccTtA1bu8SVdRJ/S7GU6kv04=","0fAwzDN4ZGl4H6ZtLbQGULJFSElluoin++Lq3prSdgk=","3+Oi291Pc8l3IDUR19Q9hDnxK2Ad2pX5T+sOfQ0WMGw=","fz5/gG8RrvEbMlwCHlf1X7qsCO3JoYE7SGbtqRlurqE=","iAjbryOrzkUgbGq49N9xlgyhIixB8FKnDyA55maWfcM=","qmYqrj+Ik6Ptm+h+xapZ+Nj6v2wibVMW4pHl9bDub7g=","HScmZZgQhpoS7yglwM/Kktuu/xZDgSEv64vsxfNBXtE=","cEyhmJDBSh15abAlF0VFulpVjvNPMljxNc1tHdZwBAw=","zPYjU2W2hRHfqlIvbBZCgM2z7LmJCd3HEWaqN7E0i+0=","L0BRZCTIcUgKavON6bLSU2E6ilL6ty9iXAJYuPXpqio=","qSdXBfePBHjHY3l+mKvNwGG45O2xHCC2rGtkr83haNQ=","S+UWg+9tLB2tJJH9plPY0oxzZrLuP0Hh33YiZ5EBhGo=","Bir/AIRM1jp1UVB0XmMysPyt+dxpfniQEREX7jJnGCk=","pgQNY8IqUcCMBEy5SUXsth/mC4j4iOrSQC/OS3dZ1R0=","dPoyLAuL1iX5zgN8C0RA26+GY3Rn5Nhx5yODNrbrG94=","VD3nwKynBx2zyhACt8wIigX8UjW0p3cRtutD5B4eJ/g=","z7jrizmhaRVSznxmYWcx/I6+hcG96sqLyU8xpHaRS/Q=","HVzTpmXoTK1kxcNh3cFdnpumQaNl+uJmB42V/g8GHEg=","7c6v41LeudZmRToCDW+OHwN4rOWgu35L7EgmyYCnz28=","nueTEt1FUTTJBH2dwfBUwsWze+iCSZXBTjHzR+Ongws=","I1Fw0GY+4ABV/Mb4GE/OQ0qS/2MDpXQrSvFOmHMObVA=","W2jGSWaujXD5MiRlimCnA1QvrhM05fyWFFfsngMtGAE=","yBHwVACaZW5jw2HGXPU5cjRm0ZvXyU9aKQQ2K4E63B4=","dr4i5ZmCBKxiacnqxavncJEDOSvYSokwGLm4RFKkNYo=","XnyyS7dYE/829bMwYGSHEHVSOSVz5ZW4/HN4nS59TzM=","aytgprr/b3HZf4dXhjO1JXQPbx1q5YwTiK6Oz3N1Q2M=","O1LgpVxX/7MPNfnPpPoZmc/VcUeuOrWusN14Nn+jkr0=","ZMTgOR0q9VQ4sttsOS9Q0qT2yjKh+c8iSPywcG6Q84c=","P4+m4HMajbsKIstoRnfg3gzJGvSdDhE6LURCy16SlPE=","yghYf+Sq56bl3D9g9Ouu992u7ivLuQGQ+eAjXaDALDU=","gAw2cxLQkehvdy2kZjdl0XkgBzrcKnsh69hAV1SxIYc=","l6QWHb8VtJWcWM+wUzXCgAp4lr6QiNUMXwsSh821kQ0=","H9EuUf6VlcdvElfROFiym+h55AZCwmRUL7UzU9Ji+NE=","BMaZ6ITv32wMyEjUlBiSBTTdbbhSYKFwBiU9PhgPQQE=","aTO+IrC0lwRjrXZQ+ioOgwW0oJNzV842LxWDs20oOPE=","xZTzMdSKuVspTjPbTZo/Rgqxn6chbg+KmJfZX/YN8yE=","QjutPOdIocv7lwp7r5Xi04OBOCjhzwxGXeOiJ487Wq8=","CI4HE3D0faR7LbaQtXFrmmb3lHwj/JfSU6nlcN4tn9w=","J1apg62gNSsl56PWZeo9kHFoeEL9qupoEG/BdbEOcts=","/A8ubux/+7vjogPuCIrTVQgS4kz8GB7BbypLK8PWjZ4=","WD74zdCD51hYzCVQU3EfdB6P6B6pWGqZX+CgD7BnHfs=","Z8y40H/U8x7v42nh5blXU3phvq8naeJcc+JwmfJuKiA=","QkaTD0uqadnWvyktTZ6snEizHdgBV+3bl8SUrhN3Q6o=","/IqfJPjfZfB5h+Hb/WFRIyNX9MxN2AoQjX8qufKXf3k=","6zIVq60Q0NH2BjbpAq7L2Qd1PEGyH6I0ZuDE8Y5JkU4=","agK91WngHWz9n6aiGpO+L+uXujGxVdjmluPH6z+Jo8A=","LmJ7q8CmlGSLRGvkjg2ua6WCq9lNvWHKZFagtIY6nbA=","qGRg91Zysx/6uG3F5cUH712TLkY0E5HFqbiePYvmlf4=","7D6g+UVb2P6L1jtHkstkyY2t/ZPK0Q57jVJJRjVCu7o="],"block_size":4096,"path":"build/backend.js"},{"block_hashes":["RuTdRLRHR6B4x64AltopC6khSMPSzT2pFzI2WMhnCnU=","Gdl8wG8tsAl0mnAjxAFwuvloJCnFFZ/fEIawnnVp5ZA=","SvzyvBxdIqN1snpdzkA6OGAcGfGVPxLtCd3NvUIA0Lg=","tJOoI/2pBD7ua4daK9TXo0MOGnlk1mONktPpHSzcrO8=","Db34RiwqiWoPmH4Ga+m5kGSQP0KF9JonYr/MFE2bhT8=","AdZWzm6VnUVTWR+WJMHu/afI7d7QarlEh0Zky5Wo7SE=","4R4vI29sXhk5HGaJWDkCVnxmScbEMT6KNyzJdQn4sYI=","W0mFKPFlRr/iZsJVSto7OTwhBz6Aftdp6LxnwFOx8Dc=","1F8uXwg5HnmlRsmdn9o45p5xmSpC3MQz9Ot2juQ01js=","U4QFh8OEblyqG2Uj5hTeM2kUZSD2vJZWXoFOscbDu/U=","Uko/El/MvNcId/3vvN5y54WzPTks0Jj037ThcQ7N414=","RpHRfJ+Sm+dhXOQ0Tnd50Un3/Ps8DmHm0fwx11ok6ZI=","J4CluKSwmJTBc/+RLyPZUFqkG0FL9ZhoU4swFE4WTo0=","YVU/x9Y0VHLdpyVWbuN/jb8oDU27GY4D9GvxfimTMkU=","U1druJPabwVGMz0Qv1FH6DGZWu07gMm8bx9vj46zRUw=","yYBrBoIYLh/SWMkOdP9qlBIVwNLf0vxHPQgp30IRGGA=","4m7EYtVNfL47GNJad3TRnS+HRzUTs++XWIUlEa3oC/o=","gf/plY3qflrHl3aTqQzBN2Ii7hIg5QgJpbaViM76mXE=","d3QtQd9+EqZsqC3EMLgQRWt47aDvSKzNYTfDz5nuLFU=","nzI1DO4z3anA2W/scHLkykjK3eyQfCEasWwytlHsAu0=","PMhJ/gucHljey3N8TgzxUijIUEefY+rsGDqoAK5/Fg4=","5MIiBduZol6ArtSZ9wfzbbPZfY/KJnGs5hlZUl6G67I=","i9mR9r8N+upvNEZsEpv1XGDF03+t1CW1oj3AEKbEhDE=","izSD0X8fIVS3aLNSwvXZ8vmM6aAtjvniEI1plyekds0=","GdU3QnMhvDq6Fd8eOqnrrrQFs8vtIk/+1gbSReFsWus="],"block_size":4096,"path":"build/background.js"},{"block_hashes":["ivz0GcOZIW3GiDa0faUV5lzsg8AE3CVnzm16ADFCbgs=","Cdvp4iTT0ssI5MxdWuA5Xtw/2z/Zg4/ipbcAMkrwBnc=","u1YpJgtOev38oEqza6NzF1fb1J+SBE772L9nyXJTWwE=","w+dL26mpExwM5Xi1oeI/UEya3+VLlgp//ujXEA36pqY=","RqG5glzkQjgWx53jjHeIH9WjqsUS5zTtksIdrGz+V/M=","L5Dnw9+OyXLd3DSFuLUZoHXbj7HrIFsJE4AhWz5IbB4=","OyRhSQjQqhDiC55yQdrSBwiueeSHN9hDGjTJyS/RAZk=","r57OdXqTBSlSEXU9ToQ1QQkoDfCxtM+bbRXX6Lu88n8=","RZlm4+7lwRUwCdxGdi4N/8CTyHsa7xgpkPK/Gr9IlL0=","twQ3GaxQJWTSgxnqGblDd0D8lh8TiepUjRTGkijkM5U=","M3Tg+SrT4f0WTEk4ofSlw6ofs5kT+vijnvFaS8Zl2hQ=","x2Ahnay/PfrHSsqQwdk9Jo/YdsZhh2Ms8giaiZIrdEk=","UoWkhHKTfFbeaBuUUCJviWYvi+z6oIAVaB2lYhYGfdg=","7OEydU+gBIDLhKLRFdpaq3fmuxU/LODfjDbOAm/R7ss=","xEGSOKc9/8bfaOh1Dvm2h/50tx309RFPSRFTB+8LfzQ=","3H+f3RTtjzdDbqkCAXX54nRc/mD7b0jamGMucrG2Ndo="],"block_size":4096,"path":"build/content-script.js"},{"block_hashes":["pyEJuwHOQKPR9xv1oW1CiCM/d7Wq5hs1Sve+N/uxKls="],"block_size":4096,"path":"build/devtools.js"},{"block_hashes":["63PusQoiyiWonBqB/sQTZ92JM8J2P0j1R0CemfG7mpo=","n5p6YHaOgsV9c8A4t3iuFtMvDzRZiTC0/jaTspMsEqU=","oUvoSypmSu/Rjgga+pQ+cLX1Yhr+kOC3blETo61UYRk=","a9qYaYefckEzTCjyJ/J87/XsL+oSJTHxpY5Bys52LMM=","PmP2nHpWF9rxH7aT6x4nIhljRndmaolqV2njZf8r3fA=","HBntZL20VASPi8IryGqIDG0A0UX/hN10d8rMHJh/flo=","zht8WuL3aNI/b/apMLRhlZE/SjvbKfxsyZOMO/qtfWA=","Xr+XPXTO+TeVql2kOyu6XRNjhmzuh1ofk+o1FJmccRM=","gbgKne6pY3euDECJe8XUUgoRwdU/rkd0+eEZLKLu+6E=","eN01zcnpLNOBa7sZE854p0628ckUdMOFPAt/LceG6DY=","atgKRIEV7hlZeqm5LmIXIBX/ra0ds8L3zZgkp41ut/s=","+VvYoQ8ut2qoYAN1/vCzZ3VrSNWANSV4o9iET85Al4E=","Vd1vGhZ6qfjcARW4fhiaaicSmcxPXqV8iTfBK9A6EeQ=","AM/tY52H908sr1fAukLNiHgqXfYZAdEUf5LZYdogl64=","E1RdgaklNKr/TA97waR9D2wtWYjcY0XkuZsqQFOGFQM=","xeJ7im8NY8rKtFiZa1MsQJIbXsf3O3akzNBwccTbtf4=","KczJw4hwN4rHEbESWjmqtdItYGvAgDEc8BY6O6C8CGQ=","y6ZWEvOB7kVm2E7Mx/dyjDEIkGJXhFilWKSiYuJQDOg=","LKEsIkxqsKfYqTcMklwl0dT1AWbh1V3+Bw3f1lDw7TE=","4D/pYyBp7JggWjHY4HyQSwyZ7unsbUAKIedI1I/Ok4M=","f5NbCpeSBS6HdAQWkOSvUPttXiWloXCoAbABLHyYOew=","jrLDLPy818Bw6vNdRQnJ5MXBcDZikPSGIEecf/d5C98=","3HZ7vMcnB/Ex04oqNFwrqF3Pk67+fyk4tSETQKGtRrk=","eMPBTCDKfhzZS/r0mWhJgCE6SssuMOX91IPupwt7iD0=","tSdtlJLoigGlZV2mFvLDyT8m3APX5ylsNKToSjgpmm8=","esA9GHf4Sx3biRxGAbX/sS4ppSef1vCUu5OgkBIGnug=","SpuZ4fs55pnIsOc+JuPbBEiSLAw8O+S0m73mg3TEo1M=","xeWR95uLiy6muQpq55CT6sO24Bu9UP5bRClT/7YZQq0=","w4o/X4MuYHikkfzq3JoTEAugk4X3Zn5spk2TbckS/l4=","cKEO2zg/jUdAQDYurf/OvIzZirURhQ5qGPAL9kKTw3k=","e8GRK7kTLsJDmIiTx+OdQo46cxSkAVZ1yM0jND5lVDY=","9MFp8UCIoYmPaq1GnTf6quvMlctIO+fBuyAh8BRW/n0=","3DugvfAemfvOdNLKdMxVB8VjVZq88WcDPpotvMFGRWo=","kAllzhfiT5NpABHuUgoWCY4o0TSFIqWrcJm7pSVBGxA=","RfZoWdeo4YNl3p4aBtR424LnM9hro//MRBQ1EBB9XfE=","YVAdP6Av17d2QB1EN5k6zynWMNpy1WolomLRYyKMOj0=","eAGbOIKDgGXxoO0UiGy715fB+VSVMcbsADPvivRxCMQ=","BAKcI5EEReN9jaT7pyd4QmvhD/UBebrMx4kRSm2sprA=","oTRZX7XiYSNLAH/tYA/Jb8y1va7o9VlEXotQAOHIWZg=","EHdNjrmlneY7RWefZ2iNbmweMi3GMe7E4hXKEE8PbQ8=","mqfTrienRjac3mKK0wmKogZJ/3xzKfzCiD+Sn2F7KF0=","cSoGs/te0WnOpxWDv8q7GYGgD4RH3B7tnC9prPfP1js=","SYvDOJBacJczcO/zP8gDZI/Nq0wLZFdjbsFFAYJSaPo=","RzKZrKefh9n+PJ/Uda21ldapL9HQFPYo3HMGTSEN1YA=","1n2xCzybHG9QlDG63BPjfNlccT3FXYCMYCS5zRKAndE=","PyY8tsHND8sLwmeyFmqgbyFzykaeIfvG98d3g+MYNl0=","ny9jcAmWks1jLi8zcEK6g117AdhyJUlhG2SmRmw+mOY=","UuviumLgfPX93AU4l8rO9I6pNcOrvN9DkapbfQpCxGs=","QFPq73DqEq3TI637IAXT7Zqv3AOSGRw1CTk2wpV4Scw=","FpHFZGGsiI51D5K+oA8FsXYOY4QPKR1Jlex8DOvBsdw=","s/QQkQqeUYZkyVp0ovkjVAcCEgOpDV9Tt4Xm9nBfxAQ=","mRRCmImp/bQtRC8uf0R6HIWw4waASYSfHTh1WmFn9qY=","GNtoY5YKpfae8/zEr326vYAP5bNLLp9uPOeWb7QUpCg=","tfMtvs4+x13PUFEsFkiDBp27afu/huKUSShp+li3S0c=","hJPDALi4i9mdwTM6/2HHq5dNlv/SBUVUftD5CbheKOs=","8fHkHBQw0xkiQ/5rN567IFgx2q3sJkmE9S/oplj0MXc=","aONf4MI3Aowbz2KeTRIK3d/Uox0J0qpEiEyRiWWp1TQ=","3z6wVXHQ0BSLGVWp7Rhn0b/lOW5CyHWuqicly5g1PMo=","L5oTmcSRz5jsaxrShRNMEf3+/rpd6/0J8deEgGCXtaQ=","GnurtNbttpKji82o+mJBfCw5zd00R3v4L1RJAxCV5Lg=","KTtg2L4ZAgy3NsGH8zh4Zb8xhxCxCVS6VL9rzOgprhY=","KbHAY5ePtUW9U4zhDYwjBL4Q1fRfrgvEBzIBYo46inY=","i0FSsISx46Fyk7B4Fg85dHBGAuppKxFctvaTRaip0qo=","yCyiqNPN+TVOIbD6A0hqyP0VYoxfbeGm5ltR1fvjywM=","LoC7VJMIjyMr2jHC41yEBII6tNXmhck/YMm+DtLdVhQ=","D+olyvYNudGdORTIYdbqxNEiY6MBACWlaqa/3fhlEPk=","Hj7PGgSc5EG+9DL3qX5NLu4oELpIvmGx57ccstJulsE=","hNIob71Zw2M2ujzARkGw/HOJVepQmAiUOynbC9e3ZHk=","J//D7z+FYbzeJE5WZxp4APKsnfQ9GVws6uE80ZwKrbA=","SrFCKpJMq7UCBMApHEKWYKfwkdlQgecCNX2CtRODcEo=","qRA4J6NUoy57er4jNJN34hKav0smKQiJrpuPufaUxkk=","e6e88I6JA4trrs1PDt4c/udQMcGgA8PkXjur00FGquc=","w1LU6ELGPDbq8pt5/qgYcbf9vDz1KIu77Qx2nyjvxwg=","LIBRJ1g50r/NMxD8Pdqyf+lYS3s/E+Z5EaYiDhT4Gb0=","3+kHRV6rMoRqHrpxis3bkPXXLT0M3VkgxNV8bZNzjFQ=","abLmCu7hkWgYhO66QfWI/azupHQJnd1F0+jMiihDupE=","VI+HEjzuhgUrWYj1txv6Pd3mu/7G+tbCGcSpLchQ+Mk=","+C2nHOZAHeqfdbCd8qNrJ6oTcaFAk7/D7Q7XZTaHMHg=","tDBgqeFCIiHHHdHRceMPlXjGSYqmw5d9JVPq2pl+V9o=","/7Xt2L8TH2uXvjOFcuW/nvJkEHCst/TLbVeQXqrGEqY=","qxor+Qg367Er9q+HBPGPnJyinlbxkrTqNPtmMle1Frg=","n39AsxWIcQnj5myhggGbSwVWmSsYf+opbGL9AIpVLc8=","IDJFD8pubq3nxJcaYe8u3uwZBma2USiS5IpwosbBjL8=","4kGYSThsg04rSnP6xmD3Q7ROgvYBusGXCO+6m0KsWWs=","kNw+T0y+1ZwKpyOcYYWAsyK1VoM6777TjzodlXnXC+I=","KFHemFXompm//QH40FxrUJkb6YneMqtR7VGSGAJ3/UA=","eMIViOBLPU7X8FkztWY8FmQnRaEMqsz0Sq+gCH4mGZY=","tTSGkGl6OQGERDuEZwM7liRH6E0nW5J2XaqgcoEpO78=","1aTTyzmkNmHpfO1U3Wr/RrMG5TNdBvwyh1t0TqbsgZM=","K01DUOfYtPRjORu2kwgow3yK/ydVtrlU61RW31vdrko=","DnmFPTuatKrz2VSD8J/+blj1mC0lRWpIB9RyFB/Mm6A=","yFk0WmZoT/tLev6EdsH8JnJGmBRe9kteCq/zgQ9KNfQ=","8Zw5aoQX786+YxncefKQ2FXFI6znm7BMhd2yJu3tNX4=","pvtqfegGYAEpYb5A9FPIGs2MIS8eP20QLnWZZmZXmWo=","dQszolgJxEVlZlthj+WNbVeGbtXPCnOqRDvg/7rT5ek=","e2c+aZnYpzcsk9WLJtToIl05Po3b49c+1HWVw0jmGq4=","zxidN7zTi7tL9kBJTmcoEwBaeKCBW3y9wwL3O9Kcjg8=","tf1qPMgH6uVIJSGT/bCosXQB5TwzK0mOOH0jTRxJahQ=","vxEejt9PaJuPgQFSjbJO/d1hpBl6vZzClK6whEAr+5M=","8g+1UoaC13pkgvt49vOXMcsOp/I5hqJMLLxZ+2OsS8k=","rO7nCJyNhAD4BeWBtbqCGA2ewBK0N2AxCMi5lvD5TCU=","z9f/IBksim5Z1RJ0QPTrQyEs3NQ6QsIg8SXcdY6jEIU=","lH5lHlRKyCWoNrvANg8Q1VNIZfQRjPdErnA+czrGwow=","lXzqsz2Tox3T/QCiQ0QRGI9TprfSRsGJIpfN+Y3UYx8=","JCq4VNiqq41Ae0r+g0XtCwec5bJnSq+oHWB81jzLLng=","xYZfUfY5qWGZRF3pD5bdG3U8mWdbtfMCFmTbiyDktW4=","IjFLiur3wiU2XgUZekENSESSm+M4Njga98eVTxW/FcE=","iyDf1NRBKNpa58c0j5DcW/QA5lramMJjj/lA9AzWtnE=","n7FajfhMdlprokGCzrCC1OcwGRc28f1LtH0BKahvHmo=","uYE1FK8raUp0aPo4Y01r/i34qxRk+qnyQ/8T2U64ZbY=","004TCnmCvNmf0m3RBWbeobqBGkbxy4l0g3fIsX93iUg=","qYdANhVllRZ4v6440EhOgTpgMzsF3OX48kcj7YSOM/g=","++/eB5Zmp2c6q56rNma9FwSPNrLhsHGwPkDPigfqRsQ=","LprxnTnnNoEZ9h9tGbDKl2rQyLSIf8Rgjf1VEbcqEXw=","vfQCNeJk743kFHSayU2zDLXMscUtGVe+fFdb08mgy0c=","HLsBdP4vp6lIL/QfijFMrRR0RcLBF9B6L62AbMrS7y8=","jqSjzMyedvfdlrV19Eru+sZcfd2iL2uNvin33lH1aOQ=","iew9671+bDRmJox7MR+ZIfv3blt0m9P2OQTHPU917pY=","6svJjBFFB8V9T7RukJbMz16nB280MxPw6bZzvZpy93k=","QWbpdZA/VvagFG/wKxXBaNUeHOW81rYinTlGAMqDeEc=","ZJR8sgdj4Oy/dtHNIi83sxh5XRPd4GhiLqKLfpqRtFU=","1kjCN2yidWGJQYb4rUFltrTybJsKmH7h3E8gniU9Q9Y=","3to+noXCdifkBgOtpV0k6lLd9hRvy76zudeCimMevpw=","9fEE//n1NqoXwv10CPxyCYgo5/lTGnXqW8hHQ2xSHEo=","fPbp5qYlj7P4biv0LjL+68CPUtgDbugm6E7atLrb35M=","V2JC7ZKpuo5mLucasTUTYXWwsgMQrtYhoSpmyLZ7LiI=","TfABg0D7KioAT7W5wQHz+31tDxtbhiC7XRQZ2niPYGw=","t6HEaJEs1fNIxXkvMEzt7ZB9nYzPJolU1JajHYUsVmg=","QcRU/8qXpPZ5BJszGBeArbjMbn/6+9Op+RW8mKLL6Ak=","SM+P1kwPHbITUqK7I2OpWsm7tRZKiF0Wua2nBC6fK1k=","R8QaF12J1/1J725oKmKcZ9JGaRka25x/3GvoaZnUpa4=","cKyDnC9NU0ZoJ1Ejt797RcWmwo7YJPl7rmbxzSkMWZM=","gyJIPscLHCMd8fqV8bcV9XkQwp+fGMSyrLszUhMItfU=","qNYzkdPcFwLMze5NhbRvyYJx7438XpUxTxft1AcDz6M=","YMRhXARsRgakbNAUSUGBlO8gfqDC7sYMiQ1lpV9HxUQ=","T2enyxeefzgpVO/mNm7BLk1x/emvBVET94Ch+kccStc=","HBaee0Svo7vQvS+MhOejq/XF2azEss9XijehVJJ8rYQ=","+v/KSTXoRZCbSCuUAIdpvrlSYGzcT9nI71BYQkiCnlQ=","ETtTxf4Hr2C73nC6EU2BNMB4AwyZr8IK6g8P0iAom5o=","zKy9+mKWFIzDOc9J/uZS6TFDdlrFnl+kCEKO4iqDIZw=","jRGz/mwAJ+Ju9VoC00/48irb3MdJmN6J/tqlGQhqw/E=","TgBxQPHEob+7k+5G5azdpRY4Ll6sjBP4A4kjg7ERmFs=","aeculAVcD04Hszb5PNYEmAZvncCMnsemNjyJqAflu04=","zGJ4epcF9dTBX3c3c2SwPpCKILySM/h950oWhdva7S0=","Fh50PpVuTSDMyYMThpVUobPDmbcHosrRr8KmtL7OV0E=","nRDQ5JcCcatO3ZzLCiccftzg46MAO3kceLa7temEgFM=","OQydpGd0/q2a0zZveNxOBk8cMWWH2XirZx4lGu8c2BU=","NqLtDHxus46SkZ8y38AngC2Ghe+vHA6OwOx3y1H3wfA=","WQMINrr2ckLsVCbgb1Ae74fZUNDxNO5+Rd+QBiA/CVY=","d6dsLqSAGNRiUeoqY9DDetZ5OsibMuOsFl7J0olMw4s=","C1szJKjbYqdZ4cOmpd13QniH0TzN6hb5nAClrlSDnhc=","uHcHHWdPhW/QUP6l3IYV8G9PaZ18ckTFfknx4QBV2uI=","aSsxeCNUh0RfhT//ETbmcGG1IWQ+HGymsn+PR8xILUY=","6mOX+bNBd18oeavHQRyls3uNoIbUVodqGSxXXveSy/k=","SgHMahNpt5ymkDB6YJNb5ImwzoiKgXEZVHsxPR/LPo4=","0LL5dmu/m0jVRLtMbIj7IpKw223Prw03Vn8dJwW7C7M=","8zARVyCHW/p0YU7zkyG0riOKtPTKSiukRkcRxQ7ZFDU=","5N1uQbtJjILW9Ju2EeUwNkc7YeI4Wi5Xhyf+kzaK4z4=","4Csr960mIC8Eo3ZkOdyuIH2g96ycbcdZkvhGsFMlE8s=","rOyCr1Lfvfr7iKPrnZD5mEqxcGfQdUnYeFeAz/HP2Bo=","5EnzEA3NgvaSW9Hdu81HyhWUq3XdGgfKTRHEEDBdZW0=","RRLX0zCraft2TzgFh2V5XMN6B3TpzN8+L2ZT/qArEOU=","+WZASluldePInqGkWiV8+CjiTc2Xiq2Az1rjPkjBgGE=","KYjmZ50SRcQFijW56EVY5YYxYzXHxwFNCB1L9KS7kFo=","YC6/ER6qfudP3eLFQP3zbUACZx5U+kJvpQu+gq6esJs=","Qey4Cs+diRhs2IT2qxAPtLryzLOkaQp6naBSXTwd/Ls=","FYrONl80qU5FM8zdbVi3N6utezVxRtYGzEA4VkVY638=","u0grAisWH798U2Nc1K9o33CZXF1SRDu7susSj3gN1+0=","J29vpnjUirjGeDtz2bSA1hF3w1HRSZgotXucW7lIJUg=","L1VEIU/SDQA2rx5gUFVUa0ZG9NYUq8454UkuzORy59k=","Xu1ymozXDI3Ivmjefi7BIH5hLkbLT4pznWaIzmnRMJA=","bywxCR6DqtD1RZa4ueWJrEow1KPG5UvCTEjEYJqBQC8=","asLuLOjzR0+oiFE2ALjTciZWihnjnqDON8jv3ves9ho=","bMG3v1JO0YnLOFbToaslBsvtBtkwxTwBGPFUtnHebyA=","TViWXfLZYKC57vNtjdKXO4Raaq8+V4qb7jbkTTWcE3k=","i8UzfcRrizOuWErUR+Tp7b7kkPJzbojtn3bHIrkHHZg=","9NcHTPi2iqFwhEsoPrIhVIqDujlphn1KMBSSAHzQmMI=","mGgpFkjX77HHla2/BDsEfAsOawtdkgU3JrIHStsvs3E=","jdSm94PxFL3XDlCKJM0E2L2ltbHdgIyB/xF1RuZpqYM=","4np/+rWkoPpQaL82HZ/NSD3sGy/M/dPAERfw7d7aYZg=","I0xJp6vvj7/hW10nWzIqfdiEXCeacofrq3AspfK5qJo=","tIHKmcEOJ7cthSFepR2p8Gdyj9sctafTuiqxqde1qhw=","DTfxfrwlHnMZ5WUpr4LTS8EAe4ZZ7DcOjKrM59N0yWk=","VjsJP+qZAy4WEZu7l1nUvojpk1Uwfx338++cg3/G7eg=","bQNYkE/jtAcFCAe8r9E3P1btvYf4fAwlvSB3v/FiHF8=","RsW9FTccw8rz4cM96TOOIa6Wd+QbxEhG5pPWJMmXgmw=","Niie9RdEp/BDvd0AnWlqLKbKmOaedd5d+44locFq/NE=","Q/09uS7JGjES4Q5OsS6+Q8LHWI+eI8v82EgqMcQbkHA=","/7n5Dc+m9IBLAICq4VwOuKscNxSpI8V01KXLOdfjTNw=","Q0yXGJU9h+2+KoI9g6b1sBCnGrhCbUmnUfo/9iysLgs=","uf/bje3nVlioKEL0weDOD+iEfNfIYwfSXiI8n9kW4C4=","c8AApAFDFikQHrVuNS1xhpntrI/Hg9pf6V7IldJbh1o=","LbX9IOkro//qjsQ+OulVOsYL64FnkBhIrMD/u+zdA8g=","SbvuehKkkP60Q+JE7eergyyus4HH8MfpgsYDSWJ8Hwg=","cD0g3GfmpXuN8J3NFrdH8efH5lHDPK4WVqxjTAOan+s=","o/SWza/4l8azVrTBumHaJ2IXBOzI4KeMEYDvw/hxaLk=","Oig2/emRs6WHZOyB2zkFcKHorH78GoyhTRBvjI3ntwY=","na+KJ/ixd7IjamzT5TDXYi/a4+75g/pzwo4SiSu+X6g=","7LD8gJeyFnCk28inAWeJEhQtxVstJQCvYC7OSW8thZ0=","LGeSELoYnuW7FG9g1cMnriZbJfzKZVcwstGu44ToHaI=","SS4vc9tW6t7bK1ZYTNRZjbJZeuaX4aEKYX0EyAkXrrY=","pMwrS4kOdwD8c2x/HtEmSxFUtuaOdqZ6ON1coUxu03M=","FX8F+qThoq5g7kIO1rFH/lQD5RLk8y19GixDpx79j1o=","r+ZAUmHGj6FVw7Nm1M6DuI0lraSQjFaZrhaDuPgFw1Q=","eQ0n4m8FxXe73r255A3xSpNfhTUq8IMW8TJKw4TW2Y4=","rqjR3Pves4kQ+gjVzB5KN7JCUD0TB8d1NIWODH76kOQ=","pOZH220qd3ZBi8I1Jjx2Lw51Zb3WZBJ153kNTAowN+E=","zgdCXb7UMldFdE6c/iZXkG8el5GtQHphEEspC+XDrwo=","m2nw1Z3q9drsRydYqZfCzim3tlV+0IgAnU+/CgSuZNE=","Z2glMw2eW6ORpMhV94geVsEfqkCZ8/PEsrewoil9PoU=","llvYI65XmNeg6vVlVMje3EjDc8Wy5HHz1rjbtjWk15o=","gT4TGrIRsn6ch7QBQGpH/AuHPB7UOGr9+suQheZGyv0=","8ESYOIP04bjJX07BbyiAhOvVcBkL5UBtKmjetUaDg2w=","BfRB+ZN9TwKSka8hgMGM3lczTTkVZrw6FklIm9iB4+M=","5oNOrp5AeUmEshBiTwgKGQNiIM+O6LcCiqApap3VgmQ=","bOyQ0bttqG133LEqZb4D8Q13D2plPJJPHmrLoZXf84Y=","35eATjAO7xNhO/qpDMcaUT7lGUOxZHcn6rtH7OxFRvg=","OaNkpJfmsrilLKiZbBIavn+NF53Qz5OXtxyu0hmRqaY=","2KEWMz++TfO3kfNWO6P64gMQXPGSUK0xaylcfiON9P0=","zTnRrQgMlQ2TkKIF4DHiBzqzOgV01L4l+kDd1WrEe1U=","KaQA8xBUX9N+t+OxHp6Y4U16Jfbwtvg3VtaF3fy0LPw=","wJHmYUHoGdXw42ybq8MgNetGBHmqknDh2T7U51zCEec=","HNab1xwsDhCEh8KTEGjKkZeePWH+t85YMnCidmI89hk=","WCZ5Si/xkGj0YdJvX+VK3gZappWHSBVI35Vn7SvTAD4=","cetOwYzIfjB1701NactkXBNWossmhEswmHcSCipdZeg=","UdLHkQzFXcRpW5PO753u4lvxvwIXhf52QS1+UyYi0aA=","SPP4v/EtHcw6jChSAGvuOS9mALdvYZ4kBVXz9E+7N5Q=","S9GH4NgJHV5w3utG6q1qpwC4dpvHmn1AnygCuT4Wagk=","Nx4LaFy37T/BvxIUlDxWoXLQ+wMOM3Qv0yWT9bT1Q3I=","38HF8+VmS/YSxOoHRSNMZ5Gzkkph32yRZk0u/LoD8cI=","3t40mpYc+002YQEFdrfzwX0fhPG18d0zBFDX1dd2E60=","mDtf1B0o69XMUSU0rhjFHwfBPnRp0nHipKD9v05kjyk=","3VSB+/XIu91fqAaKtgUmpy928Se8ijiLCNbHiFqu+ZE=","f4djMGBXZGj+uCp4YNrZf7nIru3OFS+96Hk4ZVUwpi8=","dfRBi0P7Or+Ee1J0qWbn+cWkU7xl0RRmWOTXMGjOfpU=","dJljw6OH4CcRoaUcwjwxDKJSrVmYjjL9UxiZf5bXJU4=","GvjMjlbPzr3sc0mBuWG/2oe2pCpY5Co7MNP5KL2aMSs=","fqaAnHJSsTOYoac6777x3WyRNhY6oJUeLLFKmB9vP8U=","k5tIl8UFp0xkTmSWrWivAN6a/ql/TvyIdqnJIg9Zmdg=","sSoFJTev6lS1+de6+xoi3FNga74zVuWK+TtSTS9feic=","COByRkAxupoGmDdvFeFdESof+zjmAOp9b3eO/Os4qWw=","WhHwhQVxanKfHKmxWNCJ0k04JQ5ZcdspFn0ErLwJ0KE=","VrNQKxPTG9Tyg+APZ5S37ucQfqCWv6r7MvVxW19OJEo=","SC4Pm7h9o6TOZ7X5r71+mA3vPLZyBSq1IKrof3iPE90=","sUcsenWqY3wRF5CcI1n+a39+XE9FuDNDVTE73oxMiSI=","tEzaLGXm70wxVozZLgVh939996YR7hKbJ/QrODxVrE0=","6ZoNDX0YVqqES3/pkPqH7vJhHixn8gkeNHmbrk0uJEo=","PmGbHeG+thPZ4NCSSphd+jT2WU8ykwoW0bk+mHcnE/Y=","iRVrOdiP0MN0967k5+lnjup1322VMXR7URcoeJO1HxQ=","4IoJ2IMNKcsRmDtShfnbl6HuV+8Rfz6EVX/oXdaoWTE=","xcGdDBDct/5oa9XwC3MYc+CfXh5jghkHHb9q/iu6p9g=","3p8hfBCW87Rjyc+KkgUZJE9Lhq+ZFi19jQ4fhoNShkc=","89hkYtcz34FtZBv5DiSpPa8/CKvf/zJngxd3j2hm/cQ=","cdjzKyNu6WfAKJBw3AJLYNrKk5QAN0P6bCn5Tq+taJU=","OP8iAYOddxCMat+P6GglajVuoW/9czOW0diF79I7yh4=","DyfsbaCnC0sc7TM/rL6vgqILMZ2U7VOsnDMoW7A+ohk=","4IjwP/kqZIAQ7opzFt6ivMXbgswPoKeN6Fao6+wQJuU=","gqYpmRhN4qTJZ1y5SB8z1s+0xIdPSBe6FNCmCXCklLg=","lfX/rSp/nOz505PAEXKpnAY6Z7O8MHIFK9n4OQz+bq8=","69HTwqr0MP2qpi1HbnnmMQK5CjX4OZKbN9h/cvduh5o=","ugqP+2FY2SvGduhkRY04fOEgKXbFaGXtKIA+whbmtWg=","siKcMYIhs4kKNrme1ZYh6PGHPaYkLLyJX2pR4CkM7+w=","YzwYGtrzL1q8xdihdwe8GWdZxVSUaEob0G7Y7FcSi3w=","UoZ7e8ZRdAcOlX28ZV5GRDDYLNXf6XvYpmVtN4d/laE=","Htrtli2+VROSO0CC03s37L07vA4Z9ecc576QuGJldQw=","vkyX9qUzxhOABMMotadxmos08LsAXcDHTvQRBjspcW0=","DKmYdDohdRpr9NcdI/iXNdqrDC3hgfWqElT4JuZpl1I=","DKar33IXYvp30MPwf5ip5ply+sWWfMcp7Qm4rNlP5Ho=","AMvLd4pIbomwYlu5p2hESeRhRBfX8z0SQotvJU2+0/I=","toCEEl4pk0QiKQN6Ght2sA5yy6iq0Ix8fPSTn9RY+ok=","VZjrOglCK1uHs38jutPU+reIAlKXZTJg/jVvFa8jd5c=","0D2AM6oMUyQRpGa9jsaIAtgkn/G5UvmCmCbRNkY94Sk=","tyjdHWFaj5tnsfyRdnccAq0+HdSAOR76XmzNShFtLWs=","27WprRvmIX+cpsRjbJOWEfnbCBJj0mcjWb+xrmhpJPc=","Aegq2vlkYi7Rsqv+Osv8MwI5HzsinPst+XHi2yLQ0LE=","2tvQzePcA3PU5x2z/a8XkSSPmbNBD3+QBu+tWYZOkSE=","fPVqCC3z8L80Tv8+qknZBJ99/D5b+VU4NuTsRwj6RDs=","cZD8p4WFpp92hTLTnE5kWnPqPE6Mk/4/W4e6vNOBILY=","99RS/59GO5zOXehqLejAUU28ztOLcfXlrUsBn6HzR24=","7nQjiSI0eAxqz8NPUKUPIpMoqJp+vUGTuo13dxFdmlQ=","VSvmgihg3JNPWBCi7b+L6JlN5HdlO5piJqr6luFuxbg=","7/+vsFLF8BGDfkDTUjJrARnXcECKhtJ36mq3lUIS6KY=","+jmTsOvWweSqVcWjqFLhjOh+ONBd+B5nHMIJhyCGEco=","L1MWZ0P8iX+K5i1hbWiAInZ8oww9inG9y66dhmFffVE=","s8A9uBzIgcT2dOnPMPxFTOQa9uyWrA9UHgoA3JpPjBw=","zWpqIEz7ZCUYjRNeRxGAuX5sk4BVPxRSifTBM5pfEVQ=","buroycMKu+vUAdtDrjYCdnsxqxcyQuiy+CscS4i5txc=","ErQqs0tlKcxDZwIdCQunQtHGN/8YrdiQAb7i9zveV/A=","7kKIs/93GvAid4QEJO+bztdDG+X7PlE/vSWIKZYzKAY=","MgEhT1t4NeBXSvsEQ92LDOpEOevmpiyPvaZGbsLbgFA=","0SxQlPIPKQ4jsDoUuubN3ISoA99Osod4+cdiZ7ySEP0=","l7yrPt6Oydhw1dmHIdMDX3gPh/a0NJz58WIAHI52z4c=","o/aYaBjWaVLwHfK1KI+ABZ/BW2UhXlZc1rGzBkPpF+o=","mU9zQIr28zYcfM6aZQgFNCn6b8nKNzsHK+AIJmFW6y4=","R7yAJA81pYCA4eoqQThkpQ7E1b0fuYEgvythn+XxGQU=","szmGiCTTJeu21CQQ4QNdAru9R3pvvGsZvgH6+S7a1bU=","pX9nFmdBxDBjmSeixi/+NlPaYIsVyLBY/lJWTfuA9cA=","1IaBhl1o+VKLJJibkV/LXb4Fl7wPrD45sJ9//UXhRbg=","fNEUEnkmQgylMxEj7NaKZgjAb4ko0SBmR3KVJCarv+0=","oLp6dpAWk5K/763O9nnCn6qoMjCdyiQkbY7AlX4+4Ng=","s9Frbsbg7m0EeZqe3t7siTN2HX0mgkuF7X0V4/72hiA=","qmgZfqh15gk4ak9K5G8qTsgrw+lAJDSKZBxDHEMkmiI=","iBcNqcNaCwHfZ8d0b+7sneaAyg2XNJDnk1GBrLYefsc=","a4Q9M0O5d/eTLiKGIORkQ6gexv+jFUx85eZ/qLiXNto=","XfA7JJorQLegvXMh3aIseiZ5eYSkpFI6CK2cpN5805A=","mOjcAjmxYsvSTEFjnkJTQzeEvyac6dXTvvkFJ74XUjc=","sv43j81Eg63i4R0Sg27cc2BTVImCgZja2n35CfZqFpw=","FyPo4+j5NDijayLnlijdVnDUL8MqzchkHe+8QzdZ+Ww=","TdrTtaxXgsEgeMugr/G67lqSwdU3XvVIkQur9fOlb+8=","Tsrn//07BDiDLeD1EJ0hyyDDKa29NZg2rqmDXvlQ3iQ=","Z5Zf5LbPzKRFPJgPvBySkTzI9TIAvZtshVpGWDczgKQ=","nh0PkRHFxq5TsMK4H0cuCtAKsHiHuhymA2PuMiNVtWE=","Dtv6n9Em+847K7HaNZT3dnZQ13ACiM/dIgW5/pyK2sc=","9EOlj+cQfk7ngcA6O0h5/Necn11fxknQye5iCcxyT90=","LzD96ek43oIWwbMFqpmqxwIvgFoMskl6aW2RByt4qKA=","vy/ZUXjv4keXkImkU6akGtquAgcC5Tgk1DGXjoSY32M=","lS6IhH7UXMQc2G/cglxFAN7BYVZPoAonlubmPkQrsSE=","UrRtsoQcxtudq3byEUaCDDa2aasiHGZm7BM8Ud8qWOE=","p9pcSxPzP+NpjGw2dhLDOu2OH4An4MxrSIQOD3uy84E=","g20A15Cc+qrRL1J9KH+JNa/+1T2pAPoF5L1KL4D8iu8=","O940vBKV3ZRYIJFYsGt1ZD40PgX9gSiQx8J6wlYSnf0=","ZVuchsRc/4+MGazV3PZ+DBa6rMzrJAbZ9FDtwxPTqiw=","/7ZfRRyK8gFFjjutLXHmHi345Pt3N8tRB6PakVwKCZw=","sweYBNBbWuufTif3yE5kZgZlNKN/RqqO5apmZUTgbyc=","Te0ZUIL3PkOGcHmuTEz/eEM5z1t9KhOBlv70MMScYEk=","poVTqG3P4x2gAbkiNNGUU8xFyZQSVJwyMHs3Qo9rjog=","dMzIxC8SNQOTnO6IYRZdXJEiIR7FC+OyLfRjC0X7DNM=","VoFknbGLewUzEjnc4b3CtCKyfObl+SyrCsUV1s0b1gE=","TF9WoYqLFldxdv9ftL2iQXw0Km+v4mabLo8ZLzxALmA=","3m87kQCWiIr2RHdDgBgg9Dvm/E/r0oeZPrvhaC+julY=","4mXzKzakWUU5py/szB7cAp0FXPOj9SWjqxnJyfeDSco=","365iziW98EgHNoXZhIO+Fj4gC9Tn4u9RURsElZ+c20U=","Y0z7IDi2ckWDStwET6pu8uXX0aPHbnvUSqvhZafe+1c=","bChldQlHvvF8LfcEXK6EraAJhjEq43KKnFfiV++bD/I=","UWe1Jk8WPKVODe2TMtVeaxn4iXV5g3pOv9j5CnEJ/p4=","oawgUfGzZxHp6Vrzbt3EXc4b6RuRhTm9tIpmKTQYiow=","GVFBGVbSLClD2kJXxTpeHqS9BCSIvWgiuqhlWL73M0U=","lGS+7pdzIV8JTU8qrbNhd8yQzSzTxEpvWV+WlT9RVTc=","LBOA0oIo2u4f5OizqgIyIS5q7FlRLb3oQ0nUjdixWcI=","oCTO76UWrzsDrrEHDQr7g94HNsFJ9wFJ4q6SZIfCcI0=","22R1UDj+OBLhllyqi+CLCFU5KR7I0QBsOYRAXB7Pokc=","m6Ne4Q8TjaYGe5zO3di3SJlQU9WfIzzYk58WYwKJy/A=","S4BtGzqQTYYCYsk9iV6KqQolWWIkmPeyys+/AC7Mqtg=","jI0LSZOqVzZgJpabQo3JOwH2nqfdRI8x4Xv+9DDAqXs=","oZemB2Yaa49yqGrvlmec/juxTTPA21SaZW8St5vfHzU=","nn3ELpqDDP5Ep0GM3I348aPmSSdc8/pJsCC77q52Hfk=","QPsG+PN3GynjEDVMsinQV1OytQ4bQ0Aj3qkuxBKn/6Q=","zp81Wy3mMktqJusDV4xmjHOdiHqPcGZKq52aHdbOhFk=","gcYU/zpoxJ0hNF+ONApMxwPan4PurfiU4ESmRcycf/I=","SAwbqPRCmydy/XBFNumZqC1JSfdCV+B4CiZU4AGEbts=","hojIf8PRKE3/21Tn2LIh0+/yp8bOZrvCUrgg0FKyuDU=","591187og3VNoZfXqtrTmpBXroFonCcuzi9ZEcQvb4Fk=","p6MahQwsEwlTtsN6mZfBunpPZdFzTpbvp+hdf6/M1+s=","NNKV+EZogcuelQfx6JUsosCZVqEkiObFKoeT8NaQ+v4=","E3KzBW4g2dcrw9l04zbXmvCCGgkfk/aizA9lYj923r0="],"block_size":4096,"path":"build/frontend.js"},{"block_hashes":["dnO+3NFr/1cY7L62sC5eYJnXvinTXMLVMvkOD3i/GnU=","rVAZiCkBoWAus6awHadElzugZbklW1mslAypFTIuzH0=","qBe1HC/cU3bEa/B89mnBjWDGRy5Cxn/vMEFE4eRhc24=","rHf3j3Rzg7JcLB2zZPBDndhKwgJIPfm8x/H1dVMa6Yo=","/fEA9ZZ63wcrllSb2AFkaAS2DjSvv7dYNm3+ul1ZLUI=","+9lL1mLtEG+5lLpaeMwI8F8XF7y2s180V6NFjDwbggo=","9PHaR602Rib9iuaIiYBP/7CVClWjSsJmuc4i+3jmXt0=","SA3+kbbpQdwmk+gpAvbgqXCjYfxfKRCjM60QP4zCOag=","Bf1BqKXS6x8ix9Z9nafC0f7RvTGi0LceRlOeX+Zyvjs=","UImwRQTTgYPy6u7qBLyleLCP9t2dN7/q/07PNFf0sOQ=","+0Cfgx9BHfBjkmhPMqkEsfZLHiRFd5AmIhSd35YxHDY=","TocUTb7vxm/sOYWOeKl99v7CM7fJl16+Ng2CRdOto4k=","HnDWrkVkz/3hu7UGOn6RAZz6sZigG+9CmdaYrCPPt28=","iQzPm9onwXH9pKLGH/Jn5VYNKgmU6AUThTjqXNZpoys=","EUVL/sadpW+ElhQheXgVZuLq4q69Ti8xg7mwkScu0m8=","EUzResoAG+BUZVoPZBioCDOwedN35bf83mAEQJCj/3U=","edB368K3bTEI5eJUWlNKIuMYvkl1PkyibrJnA0W77BQ=","CMDiAWRYMQf/oVcgXP0c899MhnFyMmQQeP6k72VazyQ=","T1da55ptKCRY406vTrr1D2t1VZdVd3j2JNQpD2DV6C8=","8FP7ziQKG1BTD34MdbmDWyVgXugHo3x22N+LApUe8Lo=","guaYP5xMa2yJGItUu8uU/aiwRH5q4q+MI82cd1Xlpms=","8eQwO45owBPQjQ++9V7eTykIWaqcaBrDEI4F15JuCtA=","4MHg0NlG+AqsA+tlObd560axWjTa/JY1srKJTfQxiWY=","CuWRAhBghQbYO0A6DdLVikrRibsCckXqcj7N6fWj+jI=","upYjYbNzRRCdQbLhx70SRpUf7NxNZvcUYtfCaxOFWTI=","3V9cXTHVXZgxDq7SFGilUntPBb1HeP53CuwD2g5OBp8=","KgWVuZvhOhNlP5T4WiqP1OXLtLUBxKtm9B7jbY5WfB8=","5F35Uga03aU4T9o1ZECNdHTc2KurmDJN/iANZMiQxtI=","8Dd665Mu40nZUv3qpcA1qFrGR2pT1fAaUHK4sf6ueng=","KZo6ET/cgYWaoCdpHB0O2N/w6zm6mRYZ8nJicnNt9RI=","IYY4LoT7mbouG/LFUYmHRGs53xO0Ajcn8P1o/oyY2jg=","wh2OsWUouL2MKnYW2uTMCnNsQQL1wgK11jnQ9VPu+/Y="],"block_size":4096,"path":"build/ng-validate.js"},{"block_hashes":["nztyl8EYDHvFj+1HHuMhx1JcUtC+8SzajUQv8PNQeK4="],"block_size":4096,"path":"frontend.html"},{"block_hashes":["fNYVabPrKCEXgeq8YMjKFGMK2DMXhbL9wNlzv8LHjHQ="],"block_size":4096,"path":"images/augury-bw.svg"},{"block_hashes":["OT7EG54IN6HBY7/t8MH8h1a0RQiZG195JTdEs2a8+Ik=","CGWkhjRFwgn/LJQsrXrMv5H9p1DxK5ip2RfLslRcz8Q="],"block_size":4096,"path":"images/augury-canary.png"},{"block_hashes":["EqDUwYqe0Trpb275trQ2fiPlrrqWa9OJk1rTrgWxVKo="],"block_size":4096,"path":"images/augury-logo.svg"},{"block_hashes":["DNmPjInIXAN2IrxRbOLJUhbyrS/ywKtps4nA7u5cGEg=","55TSa+PdIeljJGFmlkMssrcbkM//a15YZQ9pm71gUJs=","HqMcjf+gnqPYpUK7d2mx8z++ZgTuzbNIgeoAMsYY114=","6uSFUb0aFTeU2LvuQ/zFMwutbh4z+Bj9Dl1fEkVg22o=","SqfDP8GAnPSt8FHuv4qZJhZ+SK/G4nngn9V9975CK+U=","4Gk8RmE84WF1vNxUGovCIBrJvWE/Hewc6WfqIrFM5og=","qQ2v9CZIuLsEgMW3wiTWtGAzhT2TNyG6b4oENv8mhtc=","wn4Qn3owmxaTY4KeVtaj9fKKy/D9g1XBBT+puyztrRo="],"block_size":4096,"path":"images/augury-popup-icon.png"},{"block_hashes":["fktbOazptpuoLz8WoGrck3y582JpjkMrV1qL/NuvcBg=","L2zkI7j2TGpldssH6OYtsLPa8hYagHEuRFwpxmOqHSA="],"block_size":4096,"path":"images/augury.png"},{"block_hashes":["66j3x+uFDc8lGHLpU7pwwerLokOTSvYXadR2iDQMtTs="],"block_size":4096,"path":"images/close.svg"},{"block_hashes":["dG6DJo3rlGq6kQWwg4lzpNZTSI8moTb9GYjH6xb0MeI="],"block_size":4096,"path":"images/feedback.svg"},{"block_hashes":["Y6LaEuzsPmc/qjg/CNYI9sIWOjtDsOZ4xNrP7FkrMYk="],"block_size":4096,"path":"images/github.svg"},{"block_hashes":["P94g2vD0QmozaRX7F4UHPplrxLTVynTWJgcg9PenCEk="],"block_size":4096,"path":"images/guide.svg"},{"block_hashes":["QsxAWuHMVoFX1OrttspcYXuFakUuqYb5KHp+BLg/8S4="],"block_size":4096,"path":"images/refresh.svg"},{"block_hashes":["Iuf8ADb4h5eKsm+Avh+pRPC4bkxWdKS4qOAYWdJCjWU="],"block_size":4096,"path":"images/report-issue.svg"},{"block_hashes":["YKlPPDZZTQssn60E8+65EH8vX+sJT/Ysfge/IvfMCfU="],"block_size":4096,"path":"images/search.png"},{"block_hashes":["GkGOYzrhAehAUpBNKUZym3WYZIzt2Z84N2UoHB88gIA=","C7GJLOd2IA4LVBMf0Gu/L21SHdv+21jS9V1f9TILZpo=","YvdJK2kYs6B+LrqvFApIJFXy8NAOF5AFvY33/8sGovE=","xMi9g2fwhNqzEIjSjB8Lzwabbt9vYJViwjxqDUYItqg=","n6ZUgJ9WR4QwyRYwizKNOZ3DPLOne6PLASGTJfl/0LI=","3VHQsxJWMQ+3rsIMRElhRZlmkcJw5DPsd0BRiNJDaC4="],"block_size":4096,"path":"images/toolbarButtonGlyphs_2x.png"},{"block_hashes":["mlVh2Mo5ZVM2dLZ794nW+25EXUGtwiVvh3c9Ut63FWI="],"block_size":4096,"path":"images/Triangle.svg"},{"block_hashes":["Re5Po7UVA/iDe0PFhfOUAGM5ni7WKvacFRxUvb2WlAM="],"block_size":4096,"path":"index.html"},{"block_hashes":["DbiGgnHLaL5+q5xS7/aLlerwbGhWC9Yopwtt6UdQglg=","Nsgah43DwUCd1tloYfPe+bfMmrB0NRvNLLaMdzJOHlI="],"block_size":4096,"path":"popup.html"},{"block_hashes":["vbKeeX+UalPllRYs53kWBq86tcHyTGsAT01CNMuzBzo="],"block_size":4096,"path":"popup.js"}],"version":2}